{
  "generated": "2026-01-30T16:17:19.947136",
  "month": "January 2026",
  "revenue": 99288.93,
  "expenses": 83169.73,
  "net_income": 16119.199999999997,
  "margin": 16.234639652174717,
  "expense_breakdown": {
    "Advertising": 105.14,
    "Bad Debts": 8015.13,
    "bank fees": 67.0,
    "Referral/broker/selling fees": 400.0,
    "Consulting & Accounting": 750.0,
    "Contract labor": 46098.48,
    "Employee Benefits": 1111.31,
    "holiday gift": 505.0,
    "Insurance": 2392.26,
    "Workers Compensation": 47.38,
    "Meals": 989.29,
    "Office expenses": 65.19,
    "Apps/software/web services": 3778.28,
    "Memberships/subscriptions": 347.0,
    "Payroll Processing Fees": 111.46,
    "QuickBooks Payments Fees": 246.76,
    "recruitment expense": 1000.0,
    "Salaries & Wages": 15519.69,
    "Taxes and licenses": 424.61,
    "Employer Taxes": 1129.25,
    "Phone": 102.03
  },
  "ytd_revenue": 99288.93,
  "ytd_expenses": 83169.73,
  "ytd_net_income": 16119.199999999997
}